-- SoundLife — starter catalog seed (generated, do not edit by hand)
-- Regenerate with: npx tsx scripts/generate-seed.ts
-- Idempotent: songs upsert on (lower(title), lower(artist)), the rest on id.

begin;

/* vibe cards */
insert into public.vibe_cards (id, emoji, title, subtitle, traits, feedback, is_active) values ('late-night-highway', '🌙', 'Late-night highway', 'Empty roads, heavy thoughts', '{"darkness":2,"cinematic":2,"focus":1}'::jsonb, '+ Dark', true) on conflict (id) do update set emoji = excluded.emoji, title = excluded.title, subtitle = excluded.subtitle, traits = excluded.traits, feedback = excluded.feedback, is_active = true;
insert into public.vibe_cards (id, emoji, title, subtitle, traits, feedback, is_active) values ('spicy-food', '🌶️', 'Spicy food', 'You like intensity', '{"energy":2,"aggression":1,"chaos":1}'::jsonb, '+ Intensity', true) on conflict (id) do update set emoji = excluded.emoji, title = excluded.title, subtitle = excluded.subtitle, traits = excluded.traits, feedback = excluded.feedback, is_active = true;
insert into public.vibe_cards (id, emoji, title, subtitle, traits, feedback, is_active) values ('boxing', '🥊', 'Boxing', 'Focused aggression', '{"aggression":2,"energy":2,"focus":1}'::jsonb, '+ Aggression', true) on conflict (id) do update set emoji = excluded.emoji, title = excluded.title, subtitle = excluded.subtitle, traits = excluded.traits, feedback = excluded.feedback, is_active = true;
insert into public.vibe_cards (id, emoji, title, subtitle, traits, feedback, is_active) values ('coffee-shop', '☕', 'Coffee shop', 'Soft focus mode', '{"softness":2,"focus":2,"warmth":1}'::jsonb, '+ Soft', true) on conflict (id) do update set emoji = excluded.emoji, title = excluded.title, subtitle = excluded.subtitle, traits = excluded.traits, feedback = excluded.feedback, is_active = true;
insert into public.vibe_cards (id, emoji, title, subtitle, traits, feedback, is_active) values ('rainy-days', '🌧️', 'Rainy days', 'Melancholy but cozy', '{"darkness":1,"softness":2,"romance":1}'::jsonb, '+ Melancholy', true) on conflict (id) do update set emoji = excluded.emoji, title = excluded.title, subtitle = excluded.subtitle, traits = excluded.traits, feedback = excluded.feedback, is_active = true;
insert into public.vibe_cards (id, emoji, title, subtitle, traits, feedback, is_active) values ('beach-sunset', '🏖️', 'Beach sunset', 'Warm, open, relaxed', '{"warmth":2,"softness":1,"romance":1}'::jsonb, '+ Warmth', true) on conflict (id) do update set emoji = excluded.emoji, title = excluded.title, subtitle = excluded.subtitle, traits = excluded.traits, feedback = excluded.feedback, is_active = true;
insert into public.vibe_cards (id, emoji, title, subtitle, traits, feedback, is_active) values ('restless-energy', '⚡', 'Restless energy', 'You need motion', '{"energy":2,"tempo":2,"chaos":1}'::jsonb, '+ Energy', true) on conflict (id) do update set emoji = excluded.emoji, title = excluded.title, subtitle = excluded.subtitle, traits = excluded.traits, feedback = excluded.feedback, is_active = true;
insert into public.vibe_cards (id, emoji, title, subtitle, traits, feedback, is_active) values ('dark-rooms', '🖤', 'Dark rooms', 'Moody and cinematic', '{"darkness":2,"cinematic":2}'::jsonb, '+ Cinematic', true) on conflict (id) do update set emoji = excluded.emoji, title = excluded.title, subtitle = excluded.subtitle, traits = excluded.traits, feedback = excluded.feedback, is_active = true;
insert into public.vibe_cards (id, emoji, title, subtitle, traits, feedback, is_active) values ('dance-floor', '🕺', 'Dance floor', 'You want movement', '{"tempo":2,"energy":2,"confidence":1}'::jsonb, '+ Movement', true) on conflict (id) do update set emoji = excluded.emoji, title = excluded.title, subtitle = excluded.subtitle, traits = excluded.traits, feedback = excluded.feedback, is_active = true;
insert into public.vibe_cards (id, emoji, title, subtitle, traits, feedback, is_active) values ('deep-work', '🧠', 'Deep work', 'No lyrics, just flow', '{"focus":2,"tempo":1}'::jsonb, '+ Focus', true) on conflict (id) do update set emoji = excluded.emoji, title = excluded.title, subtitle = excluded.subtitle, traits = excluded.traits, feedback = excluded.feedback, is_active = true;
insert into public.vibe_cards (id, emoji, title, subtitle, traits, feedback, is_active) values ('main-character', '🔥', 'Main character', 'You want drama', '{"cinematic":2,"confidence":2}'::jsonb, '+ Drama', true) on conflict (id) do update set emoji = excluded.emoji, title = excluded.title, subtitle = excluded.subtitle, traits = excluded.traits, feedback = excluded.feedback, is_active = true;
insert into public.vibe_cards (id, emoji, title, subtitle, traits, feedback, is_active) values ('rage-cleaning', '🧹', 'Rage cleaning', 'Productive chaos', '{"chaos":2,"energy":1,"aggression":1}'::jsonb, '+ Chaos', true) on conflict (id) do update set emoji = excluded.emoji, title = excluded.title, subtitle = excluded.subtitle, traits = excluded.traits, feedback = excluded.feedback, is_active = true;
insert into public.vibe_cards (id, emoji, title, subtitle, traits, feedback, is_active) values ('heartbreak-montage', '💔', 'Heartbreak montage', 'Sad but beautiful', '{"romance":2,"darkness":1,"cinematic":1}'::jsonb, '+ Feels', true) on conflict (id) do update set emoji = excluded.emoji, title = excluded.title, subtitle = excluded.subtitle, traits = excluded.traits, feedback = excluded.feedback, is_active = true;
insert into public.vibe_cards (id, emoji, title, subtitle, traits, feedback, is_active) values ('feeling-expensive', '🤑', 'Feeling expensive', 'Luxury confidence', '{"confidence":2,"cinematic":1}'::jsonb, '+ Luxury', true) on conflict (id) do update set emoji = excluded.emoji, title = excluded.title, subtitle = excluded.subtitle, traits = excluded.traits, feedback = excluded.feedback, is_active = true;
insert into public.vibe_cards (id, emoji, title, subtitle, traits, feedback, is_active) values ('road-trip', '🛣️', 'Road trip', 'Forward motion', '{"tempo":1,"warmth":1,"energy":1,"cinematic":1}'::jsonb, '+ Motion', true) on conflict (id) do update set emoji = excluded.emoji, title = excluded.title, subtitle = excluded.subtitle, traits = excluded.traits, feedback = excluded.feedback, is_active = true;
insert into public.vibe_cards (id, emoji, title, subtitle, traits, feedback, is_active) values ('walking-fast', '😤', 'Walking fast, ignoring texts', 'Places to be, peace to keep', '{"tempo":2,"confidence":1,"focus":1}'::jsonb, '+ Momentum', true) on conflict (id) do update set emoji = excluded.emoji, title = excluded.title, subtitle = excluded.subtitle, traits = excluded.traits, feedback = excluded.feedback, is_active = true;

/* scenarios */
insert into public.scenarios (id, emoji, label, tagline, base_traits, deck, is_active) values ('drive', '🚗', 'Drive', 'Windows down or midnight run', '{"cinematic":2,"tempo":1,"energy":1}'::jsonb, array['late-night-highway', 'road-trip', 'dark-rooms', 'main-character', 'beach-sunset', 'rainy-days', 'restless-energy']::text[], true) on conflict (id) do update set emoji = excluded.emoji, label = excluded.label, tagline = excluded.tagline, base_traits = excluded.base_traits, deck = excluded.deck, is_active = true;
insert into public.scenarios (id, emoji, label, tagline, base_traits, deck, is_active) values ('gym', '🏋️', 'Gym', 'Lift heavy, feel unstoppable', '{"energy":2,"aggression":2,"tempo":1}'::jsonb, array['boxing', 'restless-energy', 'main-character', 'feeling-expensive', 'spicy-food', 'dark-rooms', 'rage-cleaning']::text[], true) on conflict (id) do update set emoji = excluded.emoji, label = excluded.label, tagline = excluded.tagline, base_traits = excluded.base_traits, deck = excluded.deck, is_active = true;
insert into public.scenarios (id, emoji, label, tagline, base_traits, deck, is_active) values ('focus', '💻', 'Focus', 'Lock in, tune out', '{"focus":2,"softness":1}'::jsonb, array['deep-work', 'coffee-shop', 'rainy-days', 'dark-rooms', 'walking-fast', 'late-night-highway', 'feeling-expensive']::text[], true) on conflict (id) do update set emoji = excluded.emoji, label = excluded.label, tagline = excluded.tagline, base_traits = excluded.base_traits, deck = excluded.deck, is_active = true;
insert into public.scenarios (id, emoji, label, tagline, base_traits, deck, is_active) values ('party', '🎉', 'Party', 'Tonight has potential', '{"energy":2,"tempo":2,"chaos":1}'::jsonb, array['dance-floor', 'spicy-food', 'feeling-expensive', 'main-character', 'restless-energy', 'beach-sunset', 'dark-rooms']::text[], true) on conflict (id) do update set emoji = excluded.emoji, label = excluded.label, tagline = excluded.tagline, base_traits = excluded.base_traits, deck = excluded.deck, is_active = true;
insert into public.scenarios (id, emoji, label, tagline, base_traits, deck, is_active) values ('sad', '😔', 'Sad', 'Feel it all the way through', '{"darkness":1,"softness":1,"romance":1}'::jsonb, array['heartbreak-montage', 'rainy-days', 'late-night-highway', 'dark-rooms', 'coffee-shop', 'main-character', 'beach-sunset']::text[], true) on conflict (id) do update set emoji = excluded.emoji, label = excluded.label, tagline = excluded.tagline, base_traits = excluded.base_traits, deck = excluded.deck, is_active = true;
insert into public.scenarios (id, emoji, label, tagline, base_traits, deck, is_active) values ('chill', '😌', 'Chill', 'Low stakes, high vibes', '{"softness":2,"warmth":2}'::jsonb, array['beach-sunset', 'coffee-shop', 'rainy-days', 'road-trip', 'deep-work', 'heartbreak-montage', 'feeling-expensive']::text[], true) on conflict (id) do update set emoji = excluded.emoji, label = excluded.label, tagline = excluded.tagline, base_traits = excluded.base_traits, deck = excluded.deck, is_active = true;
insert into public.scenarios (id, emoji, label, tagline, base_traits, deck, is_active) values ('random', '🎲', 'Random Me', 'Surprise me, I contain multitudes', '{}'::jsonb, '{}'::text[], true) on conflict (id) do update set emoji = excluded.emoji, label = excluded.label, tagline = excluded.tagline, base_traits = excluded.base_traits, deck = excluded.deck, is_active = true;

/* songs */
insert into public.songs (title, artist, language, region, genres, era, spotify_url, apple_music_url, youtube_music_url, youtube_video_id, traits, scenarios, chips, popularity_score) values ('After Hours', 'The Weeknd', 'english', 'north-america', array['r&b', 'pop']::text[], '2020s', 'https://open.spotify.com/search/After%20Hours%20The%20Weeknd', 'https://music.apple.com/us/search?term=After%20Hours%20The%20Weeknd', 'https://music.youtube.com/search?q=After%20Hours%20The%20Weeknd', null, '{"darkness":3,"cinematic":2,"energy":2,"tempo":1}'::jsonb, array['drive', 'sad']::text[], '[{"emoji":"🌙","label":"Night drive"},{"emoji":"🖤","label":"Dark"},{"emoji":"⚡","label":"High energy"}]'::jsonb, 90) on conflict ((lower(title)), (lower(artist))) do nothing;
insert into public.songs (title, artist, language, region, genres, era, spotify_url, apple_music_url, youtube_music_url, youtube_video_id, traits, scenarios, chips, popularity_score) values ('HUMBLE.', 'Kendrick Lamar', 'english', 'north-america', array['hip-hop']::text[], '2010s', 'https://open.spotify.com/search/HUMBLE.%20Kendrick%20Lamar', 'https://music.apple.com/us/search?term=HUMBLE.%20Kendrick%20Lamar', 'https://music.youtube.com/search?q=HUMBLE.%20Kendrick%20Lamar', null, '{"confidence":3,"aggression":2,"energy":2}'::jsonb, array['gym', 'party', 'drive']::text[], '[{"emoji":"👑","label":"Confidence"},{"emoji":"🥊","label":"Hard-hitting"}]'::jsonb, 92) on conflict ((lower(title)), (lower(artist))) do nothing;
insert into public.songs (title, artist, language, region, genres, era, spotify_url, apple_music_url, youtube_music_url, youtube_video_id, traits, scenarios, chips, popularity_score) values ('The Search', 'NF', 'english', 'north-america', array['hip-hop']::text[], '2010s', 'https://open.spotify.com/search/The%20Search%20NF', 'https://music.apple.com/us/search?term=The%20Search%20NF', 'https://music.youtube.com/search?q=The%20Search%20NF', null, '{"aggression":2,"darkness":2,"energy":2,"focus":1}'::jsonb, array['gym', 'drive']::text[], '[{"emoji":"🥊","label":"Aggression"},{"emoji":"🧠","label":"Introspective"}]'::jsonb, 74) on conflict ((lower(title)), (lower(artist))) do nothing;
insert into public.songs (title, artist, language, region, genres, era, spotify_url, apple_music_url, youtube_music_url, youtube_video_id, traits, scenarios, chips, popularity_score) values ('Pursuit', 'Gesaffelstein', 'instrumental', 'europe', array['edm', 'techno']::text[], '2010s', 'https://open.spotify.com/search/Pursuit%20Gesaffelstein', 'https://music.apple.com/us/search?term=Pursuit%20Gesaffelstein', 'https://music.youtube.com/search?q=Pursuit%20Gesaffelstein', null, '{"darkness":3,"aggression":2,"cinematic":2,"tempo":2}'::jsonb, array['gym', 'drive', 'party']::text[], '[{"emoji":"🖤","label":"Dark techno"},{"emoji":"🎬","label":"Cinematic"},{"emoji":"⚡","label":"Relentless"}]'::jsonb, 70) on conflict ((lower(title)), (lower(artist))) do nothing;
insert into public.songs (title, artist, language, region, genres, era, spotify_url, apple_music_url, youtube_music_url, youtube_video_id, traits, scenarios, chips, popularity_score) values ('POWER', 'Kanye West', 'english', 'north-america', array['hip-hop']::text[], '2010s', 'https://open.spotify.com/search/POWER%20Kanye%20West', 'https://music.apple.com/us/search?term=POWER%20Kanye%20West', 'https://music.youtube.com/search?q=POWER%20Kanye%20West', null, '{"confidence":3,"energy":3,"aggression":1}'::jsonb, array['gym', 'party']::text[], '[{"emoji":"👑","label":"Main character"},{"emoji":"⚡","label":"Energy"}]'::jsonb, 90) on conflict ((lower(title)), (lower(artist))) do nothing;
insert into public.songs (title, artist, language, region, genres, era, spotify_url, apple_music_url, youtube_music_url, youtube_video_id, traits, scenarios, chips, popularity_score) values ('goosebumps', 'Travis Scott', 'english', 'north-america', array['hip-hop']::text[], '2010s', 'https://open.spotify.com/search/goosebumps%20Travis%20Scott', 'https://music.apple.com/us/search?term=goosebumps%20Travis%20Scott', 'https://music.youtube.com/search?q=goosebumps%20Travis%20Scott', null, '{"darkness":2,"energy":2,"chaos":1,"tempo":1}'::jsonb, array['party', 'drive', 'gym']::text[], '[{"emoji":"🌙","label":"Late night"},{"emoji":"🌪️","label":"Hypnotic"}]'::jsonb, 89) on conflict ((lower(title)), (lower(artist))) do nothing;
insert into public.songs (title, artist, language, region, genres, era, spotify_url, apple_music_url, youtube_music_url, youtube_video_id, traits, scenarios, chips, popularity_score) values ('Good Days', 'SZA', 'english', 'north-america', array['r&b']::text[], '2020s', 'https://open.spotify.com/search/Good%20Days%20SZA', 'https://music.apple.com/us/search?term=Good%20Days%20SZA', 'https://music.youtube.com/search?q=Good%20Days%20SZA', null, '{"softness":3,"warmth":2,"romance":2}'::jsonb, array['chill', 'sad', 'focus']::text[], '[{"emoji":"🪶","label":"Soft"},{"emoji":"🌅","label":"Warm glow"}]'::jsonb, 87) on conflict ((lower(title)), (lower(artist))) do nothing;
insert into public.songs (title, artist, language, region, genres, era, spotify_url, apple_music_url, youtube_music_url, youtube_video_id, traits, scenarios, chips, popularity_score) values ('Nights', 'Frank Ocean', 'english', 'north-america', array['r&b']::text[], '2010s', 'https://open.spotify.com/search/Nights%20Frank%20Ocean', 'https://music.apple.com/us/search?term=Nights%20Frank%20Ocean', 'https://music.youtube.com/search?q=Nights%20Frank%20Ocean', null, '{"softness":2,"romance":2,"cinematic":2,"darkness":1}'::jsonb, array['sad', 'chill', 'drive']::text[], '[{"emoji":"💔","label":"Two moods"},{"emoji":"🌙","label":"Late night"}]'::jsonb, 91) on conflict ((lower(title)), (lower(artist))) do nothing;
insert into public.songs (title, artist, language, region, genres, era, spotify_url, apple_music_url, youtube_music_url, youtube_video_id, traits, scenarios, chips, popularity_score) values ('bury a friend', 'Billie Eilish', 'english', 'north-america', array['pop']::text[], '2010s', 'https://open.spotify.com/search/bury%20a%20friend%20Billie%20Eilish', 'https://music.apple.com/us/search?term=bury%20a%20friend%20Billie%20Eilish', 'https://music.youtube.com/search?q=bury%20a%20friend%20Billie%20Eilish', null, '{"darkness":3,"chaos":2,"cinematic":1}'::jsonb, array['sad', 'drive', 'gym']::text[], '[{"emoji":"🖤","label":"Eerie"},{"emoji":"🌪️","label":"Unhinged"}]'::jsonb, 84) on conflict ((lower(title)), (lower(artist))) do nothing;
insert into public.songs (title, artist, language, region, genres, era, spotify_url, apple_music_url, youtube_music_url, youtube_video_id, traits, scenarios, chips, popularity_score) values ('A Moment Apart', 'ODESZA', 'instrumental', 'north-america', array['edm']::text[], '2010s', 'https://open.spotify.com/search/A%20Moment%20Apart%20ODESZA', 'https://music.apple.com/us/search?term=A%20Moment%20Apart%20ODESZA', 'https://music.youtube.com/search?q=A%20Moment%20Apart%20ODESZA', null, '{"cinematic":3,"warmth":2,"energy":1,"focus":1}'::jsonb, array['focus', 'chill', 'drive']::text[], '[{"emoji":"🎬","label":"Cinematic"},{"emoji":"🌅","label":"Euphoric"}]'::jsonb, 72) on conflict ((lower(title)), (lower(artist))) do nothing;
insert into public.songs (title, artist, language, region, genres, era, spotify_url, apple_music_url, youtube_music_url, youtube_video_id, traits, scenarios, chips, popularity_score) values ('Passionfruit', 'Drake', 'english', 'north-america', array['pop', 'r&b']::text[], '2010s', 'https://open.spotify.com/search/Passionfruit%20Drake', 'https://music.apple.com/us/search?term=Passionfruit%20Drake', 'https://music.youtube.com/search?q=Passionfruit%20Drake', null, '{"softness":2,"warmth":2,"romance":2,"tempo":1}'::jsonb, array['chill', 'party', 'sad']::text[], '[{"emoji":"🏝️","label":"Tropical"},{"emoji":"🪶","label":"Smooth"}]'::jsonb, 86) on conflict ((lower(title)), (lower(artist))) do nothing;
insert into public.songs (title, artist, language, region, genres, era, spotify_url, apple_music_url, youtube_music_url, youtube_video_id, traits, scenarios, chips, popularity_score) values ('Superhero (Heroes & Villains)', 'Metro Boomin', 'english', 'north-america', array['hip-hop']::text[], '2020s', 'https://open.spotify.com/search/Superhero%20(Heroes%20%26%20Villains)%20Metro%20Boomin', 'https://music.apple.com/us/search?term=Superhero%20(Heroes%20%26%20Villains)%20Metro%20Boomin', 'https://music.youtube.com/search?q=Superhero%20(Heroes%20%26%20Villains)%20Metro%20Boomin', null, '{"darkness":2,"confidence":2,"cinematic":2}'::jsonb, array['gym', 'drive', 'party']::text[], '[{"emoji":"🎬","label":"Villain arc"},{"emoji":"🖤","label":"Dark"}]'::jsonb, 85) on conflict ((lower(title)), (lower(artist))) do nothing;
insert into public.songs (title, artist, language, region, genres, era, spotify_url, apple_music_url, youtube_music_url, youtube_video_id, traits, scenarios, chips, popularity_score) values ('See You Again', 'Tyler, The Creator', 'english', 'north-america', array['r&b', 'hip-hop']::text[], '2010s', 'https://open.spotify.com/search/See%20You%20Again%20Tyler%2C%20The%20Creator', 'https://music.apple.com/us/search?term=See%20You%20Again%20Tyler%2C%20The%20Creator', 'https://music.youtube.com/search?q=See%20You%20Again%20Tyler%2C%20The%20Creator', null, '{"romance":3,"softness":2,"warmth":1}'::jsonb, array['chill', 'sad', 'drive']::text[], '[{"emoji":"💘","label":"Dreamy"},{"emoji":"🪶","label":"Soft"}]'::jsonb, 88) on conflict ((lower(title)), (lower(artist))) do nothing;
insert into public.songs (title, artist, language, region, genres, era, spotify_url, apple_music_url, youtube_music_url, youtube_video_id, traits, scenarios, chips, popularity_score) values ('Let It Happen', 'Tame Impala', 'english', 'oceania', array['indie', 'rock']::text[], '2010s', 'https://open.spotify.com/search/Let%20It%20Happen%20Tame%20Impala', 'https://music.apple.com/us/search?term=Let%20It%20Happen%20Tame%20Impala', 'https://music.youtube.com/search?q=Let%20It%20Happen%20Tame%20Impala', null, '{"chaos":2,"cinematic":2,"energy":2,"tempo":2,"focus":1}'::jsonb, array['drive', 'focus', 'party']::text[], '[{"emoji":"🌪️","label":"Spiraling"},{"emoji":"🎬","label":"Epic build"}]'::jsonb, 85) on conflict ((lower(title)), (lower(artist))) do nothing;
insert into public.songs (title, artist, language, region, genres, era, spotify_url, apple_music_url, youtube_music_url, youtube_video_id, traits, scenarios, chips, popularity_score) values ('Circles', 'Post Malone', 'english', 'north-america', array['pop']::text[], '2010s', 'https://open.spotify.com/search/Circles%20Post%20Malone', 'https://music.apple.com/us/search?term=Circles%20Post%20Malone', 'https://music.youtube.com/search?q=Circles%20Post%20Malone', null, '{"softness":2,"warmth":1,"romance":1,"darkness":1}'::jsonb, array['chill', 'sad', 'drive']::text[], '[{"emoji":"🪶","label":"Easy"},{"emoji":"💔","label":"Bittersweet"}]'::jsonb, 84) on conflict ((lower(title)), (lower(artist))) do nothing;
insert into public.songs (title, artist, language, region, genres, era, spotify_url, apple_music_url, youtube_music_url, youtube_video_id, traits, scenarios, chips, popularity_score) values ('Physical', 'Dua Lipa', 'english', 'europe', array['pop']::text[], '2020s', 'https://open.spotify.com/search/Physical%20Dua%20Lipa', 'https://music.apple.com/us/search?term=Physical%20Dua%20Lipa', 'https://music.youtube.com/search?q=Physical%20Dua%20Lipa', null, '{"energy":3,"tempo":3,"confidence":2}'::jsonb, array['party', 'gym']::text[], '[{"emoji":"⚡","label":"Cardio"},{"emoji":"🕺","label":"Movement"}]'::jsonb, 82) on conflict ((lower(title)), (lower(artist))) do nothing;
insert into public.songs (title, artist, language, region, genres, era, spotify_url, apple_music_url, youtube_music_url, youtube_video_id, traits, scenarios, chips, popularity_score) values ('Delilah (pull me out of this)', 'Fred again..', 'english', 'europe', array['edm']::text[], '2020s', 'https://open.spotify.com/search/Delilah%20(pull%20me%20out%20of%20this)%20Fred%20again..', 'https://music.apple.com/us/search?term=Delilah%20(pull%20me%20out%20of%20this)%20Fred%20again..', 'https://music.youtube.com/search?q=Delilah%20(pull%20me%20out%20of%20this)%20Fred%20again..', null, '{"energy":2,"tempo":2,"romance":1,"chaos":1,"focus":1}'::jsonb, array['party', 'focus', 'drive']::text[], '[{"emoji":"🕺","label":"Late-night dance"},{"emoji":"💘","label":"Emotional"}]'::jsonb, 83) on conflict ((lower(title)), (lower(artist))) do nothing;
insert into public.songs (title, artist, language, region, genres, era, spotify_url, apple_music_url, youtube_music_url, youtube_video_id, traits, scenarios, chips, popularity_score) values ('Redbone', 'Childish Gambino', 'english', 'north-america', array['r&b', 'funk']::text[], '2010s', 'https://open.spotify.com/search/Redbone%20Childish%20Gambino', 'https://music.apple.com/us/search?term=Redbone%20Childish%20Gambino', 'https://music.youtube.com/search?q=Redbone%20Childish%20Gambino', null, '{"warmth":2,"romance":2,"softness":2,"darkness":1}'::jsonb, array['chill', 'sad']::text[], '[{"emoji":"🌅","label":"Groove"},{"emoji":"💘","label":"Smooth"}]'::jsonb, 88) on conflict ((lower(title)), (lower(artist))) do nothing;
insert into public.songs (title, artist, language, region, genres, era, spotify_url, apple_music_url, youtube_music_url, youtube_video_id, traits, scenarios, chips, popularity_score) values ('Do I Wanna Know?', 'Arctic Monkeys', 'english', 'europe', array['rock', 'indie']::text[], '2010s', 'https://open.spotify.com/search/Do%20I%20Wanna%20Know%3F%20Arctic%20Monkeys', 'https://music.apple.com/us/search?term=Do%20I%20Wanna%20Know%3F%20Arctic%20Monkeys', 'https://music.youtube.com/search?q=Do%20I%20Wanna%20Know%3F%20Arctic%20Monkeys', null, '{"darkness":2,"romance":2,"confidence":1,"cinematic":1}'::jsonb, array['drive', 'sad', 'gym']::text[], '[{"emoji":"🖤","label":"Brooding"},{"emoji":"💘","label":"Tension"}]'::jsonb, 90) on conflict ((lower(title)), (lower(artist))) do nothing;
insert into public.songs (title, artist, language, region, genres, era, spotify_url, apple_music_url, youtube_music_url, youtube_video_id, traits, scenarios, chips, popularity_score) values ('Glimpse of Us', 'Joji', 'english', 'north-america', array['pop', 'lo-fi']::text[], '2020s', 'https://open.spotify.com/search/Glimpse%20of%20Us%20Joji', 'https://music.apple.com/us/search?term=Glimpse%20of%20Us%20Joji', 'https://music.youtube.com/search?q=Glimpse%20of%20Us%20Joji', null, '{"romance":3,"softness":3,"darkness":1}'::jsonb, array['sad', 'chill']::text[], '[{"emoji":"💔","label":"Heartbreak"},{"emoji":"🪶","label":"Fragile"}]'::jsonb, 85) on conflict ((lower(title)), (lower(artist))) do nothing;
insert into public.songs (title, artist, language, region, genres, era, spotify_url, apple_music_url, youtube_music_url, youtube_video_id, traits, scenarios, chips, popularity_score) values ('Midnight City', 'M83', 'english', 'europe', array['edm', 'indie']::text[], '2010s', 'https://open.spotify.com/search/Midnight%20City%20M83', 'https://music.apple.com/us/search?term=Midnight%20City%20M83', 'https://music.youtube.com/search?q=Midnight%20City%20M83', null, '{"cinematic":3,"energy":2,"tempo":2,"warmth":1}'::jsonb, array['drive', 'party', 'focus']::text[], '[{"emoji":"🌃","label":"City lights"},{"emoji":"🎬","label":"Movie ending"}]'::jsonb, 86) on conflict ((lower(title)), (lower(artist))) do nothing;
insert into public.songs (title, artist, language, region, genres, era, spotify_url, apple_music_url, youtube_music_url, youtube_video_id, traits, scenarios, chips, popularity_score) values ('Instant Crush', 'Daft Punk', 'english', 'europe', array['edm', 'pop']::text[], '2010s', 'https://open.spotify.com/search/Instant%20Crush%20Daft%20Punk', 'https://music.apple.com/us/search?term=Instant%20Crush%20Daft%20Punk', 'https://music.youtube.com/search?q=Instant%20Crush%20Daft%20Punk', null, '{"romance":2,"cinematic":1,"softness":1,"tempo":1,"warmth":1}'::jsonb, array['drive', 'chill', 'sad']::text[], '[{"emoji":"💘","label":"Wistful"},{"emoji":"🌃","label":"Synth glow"}]'::jsonb, 84) on conflict ((lower(title)), (lower(artist))) do nothing;
insert into public.songs (title, artist, language, region, genres, era, spotify_url, apple_music_url, youtube_music_url, youtube_video_id, traits, scenarios, chips, popularity_score) values ('No Role Modelz', 'J. Cole', 'english', 'north-america', array['hip-hop']::text[], '2010s', 'https://open.spotify.com/search/No%20Role%20Modelz%20J.%20Cole', 'https://music.apple.com/us/search?term=No%20Role%20Modelz%20J.%20Cole', 'https://music.youtube.com/search?q=No%20Role%20Modelz%20J.%20Cole', null, '{"confidence":2,"warmth":1,"focus":1,"tempo":1}'::jsonb, array['chill', 'drive', 'party']::text[], '[{"emoji":"👑","label":"Self-made"},{"emoji":"🌅","label":"Laid-back"}]'::jsonb, 88) on conflict ((lower(title)), (lower(artist))) do nothing;
insert into public.songs (title, artist, language, region, genres, era, spotify_url, apple_music_url, youtube_music_url, youtube_video_id, traits, scenarios, chips, popularity_score) values ('Needed Me', 'Rihanna', 'english', 'caribbean', array['r&b', 'pop']::text[], '2010s', 'https://open.spotify.com/search/Needed%20Me%20Rihanna', 'https://music.apple.com/us/search?term=Needed%20Me%20Rihanna', 'https://music.youtube.com/search?q=Needed%20Me%20Rihanna', null, '{"confidence":3,"darkness":2,"softness":1}'::jsonb, array['party', 'drive', 'gym']::text[], '[{"emoji":"👑","label":"Savage"},{"emoji":"🖤","label":"Cold"}]'::jsonb, 85) on conflict ((lower(title)), (lower(artist))) do nothing;
insert into public.songs (title, artist, language, region, genres, era, spotify_url, apple_music_url, youtube_music_url, youtube_video_id, traits, scenarios, chips, popularity_score) values ('Feel So Close', 'Calvin Harris', 'english', 'europe', array['edm']::text[], '2010s', 'https://open.spotify.com/search/Feel%20So%20Close%20Calvin%20Harris', 'https://music.apple.com/us/search?term=Feel%20So%20Close%20Calvin%20Harris', 'https://music.youtube.com/search?q=Feel%20So%20Close%20Calvin%20Harris', null, '{"energy":2,"warmth":2,"tempo":2,"romance":1}'::jsonb, array['party', 'gym', 'drive']::text[], '[{"emoji":"⚡","label":"Festival"},{"emoji":"🌅","label":"Feel-good"}]'::jsonb, 80) on conflict ((lower(title)), (lower(artist))) do nothing;
insert into public.songs (title, artist, language, region, genres, era, spotify_url, apple_music_url, youtube_music_url, youtube_video_id, traits, scenarios, chips, popularity_score) values ('Awake', 'Tycho', 'instrumental', 'north-america', array['electronic', 'lo-fi']::text[], '2010s', 'https://open.spotify.com/search/Awake%20Tycho', 'https://music.apple.com/us/search?term=Awake%20Tycho', 'https://music.youtube.com/search?q=Awake%20Tycho', null, '{"focus":3,"warmth":2,"softness":2}'::jsonb, array['focus', 'chill']::text[], '[{"emoji":"🧠","label":"Instrumental"},{"emoji":"🌅","label":"Glow"}]'::jsonb, 65) on conflict ((lower(title)), (lower(artist))) do nothing;
insert into public.songs (title, artist, language, region, genres, era, spotify_url, apple_music_url, youtube_music_url, youtube_video_id, traits, scenarios, chips, popularity_score) values ('Kerala', 'Bonobo', 'instrumental', 'europe', array['electronic']::text[], '2010s', 'https://open.spotify.com/search/Kerala%20Bonobo', 'https://music.apple.com/us/search?term=Kerala%20Bonobo', 'https://music.youtube.com/search?q=Kerala%20Bonobo', null, '{"focus":3,"tempo":1,"softness":1,"cinematic":1}'::jsonb, array['focus', 'chill']::text[], '[{"emoji":"🧠","label":"Flow state"},{"emoji":"🥁","label":"Pulse"}]'::jsonb, 68) on conflict ((lower(title)), (lower(artist))) do nothing;
insert into public.songs (title, artist, language, region, genres, era, spotify_url, apple_music_url, youtube_music_url, youtube_video_id, traits, scenarios, chips, popularity_score) values ('Motion Sickness', 'Phoebe Bridgers', 'english', 'north-america', array['indie']::text[], '2010s', 'https://open.spotify.com/search/Motion%20Sickness%20Phoebe%20Bridgers', 'https://music.apple.com/us/search?term=Motion%20Sickness%20Phoebe%20Bridgers', 'https://music.youtube.com/search?q=Motion%20Sickness%20Phoebe%20Bridgers', null, '{"romance":2,"softness":2,"darkness":1}'::jsonb, array['sad', 'chill']::text[], '[{"emoji":"💔","label":"Bittersweet"},{"emoji":"🌧️","label":"Indie ache"}]'::jsonb, 75) on conflict ((lower(title)), (lower(artist))) do nothing;
insert into public.songs (title, artist, language, region, genres, era, spotify_url, apple_music_url, youtube_music_url, youtube_video_id, traits, scenarios, chips, popularity_score) values ('Holocene', 'Bon Iver', 'english', 'north-america', array['indie', 'folk']::text[], '2010s', 'https://open.spotify.com/search/Holocene%20Bon%20Iver', 'https://music.apple.com/us/search?term=Holocene%20Bon%20Iver', 'https://music.youtube.com/search?q=Holocene%20Bon%20Iver', null, '{"softness":3,"cinematic":2,"warmth":1,"romance":1}'::jsonb, array['sad', 'chill', 'focus']::text[], '[{"emoji":"🌧️","label":"Quiet awe"},{"emoji":"🎬","label":"Wide open"}]'::jsonb, 80) on conflict ((lower(title)), (lower(artist))) do nothing;
insert into public.songs (title, artist, language, region, genres, era, spotify_url, apple_music_url, youtube_music_url, youtube_video_id, traits, scenarios, chips, popularity_score) values ('Latch', 'Disclosure', 'english', 'europe', array['edm']::text[], '2010s', 'https://open.spotify.com/search/Latch%20Disclosure', 'https://music.apple.com/us/search?term=Latch%20Disclosure', 'https://music.youtube.com/search?q=Latch%20Disclosure', null, '{"energy":2,"romance":2,"tempo":2,"warmth":1}'::jsonb, array['party', 'gym']::text[], '[{"emoji":"🕺","label":"Dance"},{"emoji":"💘","label":"Euphoric"}]'::jsonb, 81) on conflict ((lower(title)), (lower(artist))) do nothing;
insert into public.songs (title, artist, language, region, genres, era, spotify_url, apple_music_url, youtube_music_url, youtube_video_id, traits, scenarios, chips, popularity_score) values ('Till I Collapse', 'Eminem', 'english', 'north-america', array['hip-hop']::text[], '2000s', 'https://open.spotify.com/search/Till%20I%20Collapse%20Eminem', 'https://music.apple.com/us/search?term=Till%20I%20Collapse%20Eminem', 'https://music.youtube.com/search?q=Till%20I%20Collapse%20Eminem', null, '{"aggression":3,"energy":3,"confidence":2}'::jsonb, array['gym']::text[], '[{"emoji":"🥊","label":"Last rep"},{"emoji":"⚡","label":"Relentless"}]'::jsonb, 90) on conflict ((lower(title)), (lower(artist))) do nothing;
insert into public.songs (title, artist, language, region, genres, era, spotify_url, apple_music_url, youtube_music_url, youtube_video_id, traits, scenarios, chips, popularity_score) values ('Day ''N'' Nite', 'Kid Cudi', 'english', 'north-america', array['hip-hop']::text[], '2000s', 'https://open.spotify.com/search/Day%20''N''%20Nite%20Kid%20Cudi', 'https://music.apple.com/us/search?term=Day%20''N''%20Nite%20Kid%20Cudi', 'https://music.youtube.com/search?q=Day%20''N''%20Nite%20Kid%20Cudi', null, '{"darkness":2,"focus":1,"softness":1,"cinematic":1}'::jsonb, array['drive', 'sad', 'focus']::text[], '[{"emoji":"🌙","label":"Night loner"},{"emoji":"🖤","label":"Moody"}]'::jsonb, 82) on conflict ((lower(title)), (lower(artist))) do nothing;
insert into public.songs (title, artist, language, region, genres, era, spotify_url, apple_music_url, youtube_music_url, youtube_video_id, traits, scenarios, chips, popularity_score) values ('Summertime Sadness', 'Lana Del Rey', 'english', 'north-america', array['pop']::text[], '2010s', 'https://open.spotify.com/search/Summertime%20Sadness%20Lana%20Del%20Rey', 'https://music.apple.com/us/search?term=Summertime%20Sadness%20Lana%20Del%20Rey', 'https://music.youtube.com/search?q=Summertime%20Sadness%20Lana%20Del%20Rey', null, '{"cinematic":2,"romance":2,"darkness":2,"warmth":1}'::jsonb, array['sad', 'drive', 'chill']::text[], '[{"emoji":"🎬","label":"Tragic glam"},{"emoji":"💔","label":"Summer ache"}]'::jsonb, 86) on conflict ((lower(title)), (lower(artist))) do nothing;
insert into public.songs (title, artist, language, region, genres, era, spotify_url, apple_music_url, youtube_music_url, youtube_video_id, traits, scenarios, chips, popularity_score) values ('Uptown Funk', 'Mark Ronson ft. Bruno Mars', 'english', 'north-america', array['pop', 'funk']::text[], '2010s', 'https://open.spotify.com/search/Uptown%20Funk%20Mark%20Ronson%20ft.%20Bruno%20Mars', 'https://music.apple.com/us/search?term=Uptown%20Funk%20Mark%20Ronson%20ft.%20Bruno%20Mars', 'https://music.youtube.com/search?q=Uptown%20Funk%20Mark%20Ronson%20ft.%20Bruno%20Mars', null, '{"energy":3,"tempo":3,"confidence":2,"warmth":1}'::jsonb, array['party']::text[], '[{"emoji":"🕺","label":"Instant party"},{"emoji":"👑","label":"Swagger"}]'::jsonb, 87) on conflict ((lower(title)), (lower(artist))) do nothing;
insert into public.songs (title, artist, language, region, genres, era, spotify_url, apple_music_url, youtube_music_url, youtube_video_id, traits, scenarios, chips, popularity_score) values ('Tití Me Preguntó', 'Bad Bunny', 'spanish', 'latin-america', array['reggaeton']::text[], '2020s', 'https://open.spotify.com/search/Tit%C3%AD%20Me%20Pregunt%C3%B3%20Bad%20Bunny', 'https://music.apple.com/us/search?term=Tit%C3%AD%20Me%20Pregunt%C3%B3%20Bad%20Bunny', 'https://music.youtube.com/search?q=Tit%C3%AD%20Me%20Pregunt%C3%B3%20Bad%20Bunny', null, '{"energy":2,"tempo":2,"confidence":2,"chaos":1}'::jsonb, array['party', 'gym', 'drive']::text[], '[{"emoji":"🔥","label":"Global heat"},{"emoji":"🕺","label":"Perreo"}]'::jsonb, 92) on conflict ((lower(title)), (lower(artist))) do nothing;
insert into public.songs (title, artist, language, region, genres, era, spotify_url, apple_music_url, youtube_music_url, youtube_video_id, traits, scenarios, chips, popularity_score) values ('DESPECHÁ', 'ROSALÍA', 'spanish', 'europe', array['pop', 'reggaeton']::text[], '2020s', 'https://open.spotify.com/search/DESPECH%C3%81%20ROSAL%C3%8DA', 'https://music.apple.com/us/search?term=DESPECH%C3%81%20ROSAL%C3%8DA', 'https://music.youtube.com/search?q=DESPECH%C3%81%20ROSAL%C3%8DA', null, '{"tempo":2,"warmth":2,"confidence":1}'::jsonb, array['party', 'chill']::text[], '[{"emoji":"☀️","label":"Summer strut"},{"emoji":"🕺","label":"Light feet"}]'::jsonb, 84) on conflict ((lower(title)), (lower(artist))) do nothing;
insert into public.songs (title, artist, language, region, genres, era, spotify_url, apple_music_url, youtube_music_url, youtube_video_id, traits, scenarios, chips, popularity_score) values ('Mi Gente', 'J Balvin & Willy William', 'spanish', 'latin-america', array['reggaeton', 'edm']::text[], '2010s', 'https://open.spotify.com/search/Mi%20Gente%20J%20Balvin%20%26%20Willy%20William', 'https://music.apple.com/us/search?term=Mi%20Gente%20J%20Balvin%20%26%20Willy%20William', 'https://music.youtube.com/search?q=Mi%20Gente%20J%20Balvin%20%26%20Willy%20William', null, '{"energy":3,"tempo":2,"chaos":1}'::jsonb, array['party']::text[], '[{"emoji":"🎉","label":"Instant party"},{"emoji":"🌎","label":"Borderless"}]'::jsonb, 85) on conflict ((lower(title)), (lower(artist))) do nothing;
insert into public.songs (title, artist, language, region, genres, era, spotify_url, apple_music_url, youtube_music_url, youtube_video_id, traits, scenarios, chips, popularity_score) values ('PROVENZA', 'KAROL G', 'spanish', 'latin-america', array['reggaeton', 'pop']::text[], '2020s', 'https://open.spotify.com/search/PROVENZA%20KAROL%20G', 'https://music.apple.com/us/search?term=PROVENZA%20KAROL%20G', 'https://music.youtube.com/search?q=PROVENZA%20KAROL%20G', null, '{"warmth":2,"softness":2,"tempo":1,"romance":1}'::jsonb, array['chill', 'party']::text[], '[{"emoji":"🏝️","label":"Beach pace"},{"emoji":"🌅","label":"Easy glow"}]'::jsonb, 86) on conflict ((lower(title)), (lower(artist))) do nothing;
insert into public.songs (title, artist, language, region, genres, era, spotify_url, apple_music_url, youtube_music_url, youtube_video_id, traits, scenarios, chips, popularity_score) values ('Super Shy', 'NewJeans', 'korean', 'south-korea', array['k-pop']::text[], '2020s', 'https://open.spotify.com/search/Super%20Shy%20NewJeans', 'https://music.apple.com/us/search?term=Super%20Shy%20NewJeans', 'https://music.youtube.com/search?q=Super%20Shy%20NewJeans', null, '{"tempo":2,"softness":2,"romance":1,"energy":1}'::jsonb, array['party', 'chill', 'focus']::text[], '[{"emoji":"🫧","label":"Featherlight"},{"emoji":"🕺","label":"Skip-walk"}]'::jsonb, 87) on conflict ((lower(title)), (lower(artist))) do nothing;
insert into public.songs (title, artist, language, region, genres, era, spotify_url, apple_music_url, youtube_music_url, youtube_video_id, traits, scenarios, chips, popularity_score) values ('DDU-DU DDU-DU', 'BLACKPINK', 'korean', 'south-korea', array['k-pop']::text[], '2010s', 'https://open.spotify.com/search/DDU-DU%20DDU-DU%20BLACKPINK', 'https://music.apple.com/us/search?term=DDU-DU%20DDU-DU%20BLACKPINK', 'https://music.youtube.com/search?q=DDU-DU%20DDU-DU%20BLACKPINK', null, '{"confidence":3,"energy":2,"aggression":1}'::jsonb, array['gym', 'party']::text[], '[{"emoji":"👑","label":"Boss walk"},{"emoji":"🥊","label":"Swagger"}]'::jsonb, 88) on conflict ((lower(title)), (lower(artist))) do nothing;
insert into public.songs (title, artist, language, region, genres, era, spotify_url, apple_music_url, youtube_music_url, youtube_video_id, traits, scenarios, chips, popularity_score) values ('Supernova', 'aespa', 'korean', 'south-korea', array['k-pop']::text[], '2020s', 'https://open.spotify.com/search/Supernova%20aespa', 'https://music.apple.com/us/search?term=Supernova%20aespa', 'https://music.youtube.com/search?q=Supernova%20aespa', null, '{"energy":2,"tempo":2,"chaos":1,"confidence":1}'::jsonb, array['party', 'gym']::text[], '[{"emoji":"⚡","label":"Hyper"},{"emoji":"🌪️","label":"Glitch-pop"}]'::jsonb, 84) on conflict ((lower(title)), (lower(artist))) do nothing;
insert into public.songs (title, artist, language, region, genres, era, spotify_url, apple_music_url, youtube_music_url, youtube_video_id, traits, scenarios, chips, popularity_score) values ('Spring Day', 'BTS', 'korean', 'south-korea', array['k-pop']::text[], '2010s', 'https://open.spotify.com/search/Spring%20Day%20BTS', 'https://music.apple.com/us/search?term=Spring%20Day%20BTS', 'https://music.youtube.com/search?q=Spring%20Day%20BTS', null, '{"softness":2,"romance":2,"cinematic":2,"warmth":1}'::jsonb, array['sad', 'chill']::text[], '[{"emoji":"💔","label":"Missing someone"},{"emoji":"🎬","label":"Wide shot"}]'::jsonb, 89) on conflict ((lower(title)), (lower(artist))) do nothing;
insert into public.songs (title, artist, language, region, genres, era, spotify_url, apple_music_url, youtube_music_url, youtube_video_id, traits, scenarios, chips, popularity_score) values ('アイドル (Idol)', 'YOASOBI', 'japanese', 'japan', array['j-pop']::text[], '2020s', 'https://open.spotify.com/search/%E3%82%A2%E3%82%A4%E3%83%89%E3%83%AB%20(Idol)%20YOASOBI', 'https://music.apple.com/us/search?term=%E3%82%A2%E3%82%A4%E3%83%89%E3%83%AB%20(Idol)%20YOASOBI', 'https://music.youtube.com/search?q=%E3%82%A2%E3%82%A4%E3%83%89%E3%83%AB%20(Idol)%20YOASOBI', null, '{"energy":2,"tempo":2,"chaos":2,"cinematic":1}'::jsonb, array['party', 'focus']::text[], '[{"emoji":"⚡","label":"Hyper-pop rush"},{"emoji":"🎬","label":"Anime opening"}]'::jsonb, 88) on conflict ((lower(title)), (lower(artist))) do nothing;
insert into public.songs (title, artist, language, region, genres, era, spotify_url, apple_music_url, youtube_music_url, youtube_video_id, traits, scenarios, chips, popularity_score) values ('Shinunoga E-Wa', 'Fujii Kaze', 'japanese', 'japan', array['j-pop', 'r&b']::text[], '2020s', 'https://open.spotify.com/search/Shinunoga%20E-Wa%20Fujii%20Kaze', 'https://music.apple.com/us/search?term=Shinunoga%20E-Wa%20Fujii%20Kaze', 'https://music.youtube.com/search?q=Shinunoga%20E-Wa%20Fujii%20Kaze', null, '{"romance":2,"softness":2,"warmth":1}'::jsonb, array['chill', 'sad']::text[], '[{"emoji":"💘","label":"Devotion"},{"emoji":"🪶","label":"Smooth"}]'::jsonb, 85) on conflict ((lower(title)), (lower(artist))) do nothing;
insert into public.songs (title, artist, language, region, genres, era, spotify_url, apple_music_url, youtube_music_url, youtube_video_id, traits, scenarios, chips, popularity_score) values ('KICK BACK', 'Kenshi Yonezu', 'japanese', 'japan', array['j-pop', 'rock']::text[], '2020s', 'https://open.spotify.com/search/KICK%20BACK%20Kenshi%20Yonezu', 'https://music.apple.com/us/search?term=KICK%20BACK%20Kenshi%20Yonezu', 'https://music.youtube.com/search?q=KICK%20BACK%20Kenshi%20Yonezu', null, '{"energy":2,"chaos":2,"aggression":2}'::jsonb, array['gym', 'party']::text[], '[{"emoji":"🌪️","label":"Unhinged"},{"emoji":"🥊","label":"Power-up"}]'::jsonb, 84) on conflict ((lower(title)), (lower(artist))) do nothing;
insert into public.songs (title, artist, language, region, genres, era, spotify_url, apple_music_url, youtube_music_url, youtube_video_id, traits, scenarios, chips, popularity_score) values ('Kesariya', 'Arijit Singh', 'hindi', 'south-asia', array['bollywood']::text[], '2020s', 'https://open.spotify.com/search/Kesariya%20Arijit%20Singh', 'https://music.apple.com/us/search?term=Kesariya%20Arijit%20Singh', 'https://music.youtube.com/search?q=Kesariya%20Arijit%20Singh', null, '{"romance":3,"warmth":2,"softness":1,"cinematic":1}'::jsonb, array['chill', 'sad', 'drive']::text[], '[{"emoji":"💘","label":"Golden romance"},{"emoji":"🎬","label":"Film moment"}]'::jsonb, 90) on conflict ((lower(title)), (lower(artist))) do nothing;
insert into public.songs (title, artist, language, region, genres, era, spotify_url, apple_music_url, youtube_music_url, youtube_video_id, traits, scenarios, chips, popularity_score) values ('Jhoome Jo Pathaan', 'Arijit Singh & Vishal-Sheykhar', 'hindi', 'south-asia', array['bollywood']::text[], '2020s', 'https://open.spotify.com/search/Jhoome%20Jo%20Pathaan%20Arijit%20Singh%20%26%20Vishal-Sheykhar', 'https://music.apple.com/us/search?term=Jhoome%20Jo%20Pathaan%20Arijit%20Singh%20%26%20Vishal-Sheykhar', 'https://music.youtube.com/search?q=Jhoome%20Jo%20Pathaan%20Arijit%20Singh%20%26%20Vishal-Sheykhar', null, '{"energy":2,"tempo":2,"confidence":1,"cinematic":1}'::jsonb, array['party']::text[], '[{"emoji":"🎉","label":"Blockbuster"},{"emoji":"🕺","label":"Full send"}]'::jsonb, 82) on conflict ((lower(title)), (lower(artist))) do nothing;
insert into public.songs (title, artist, language, region, genres, era, spotify_url, apple_music_url, youtube_music_url, youtube_video_id, traits, scenarios, chips, popularity_score) values ('Brown Munde', 'AP Dhillon', 'punjabi', 'south-asia', array['punjabi', 'hip-hop']::text[], '2020s', 'https://open.spotify.com/search/Brown%20Munde%20AP%20Dhillon', 'https://music.apple.com/us/search?term=Brown%20Munde%20AP%20Dhillon', 'https://music.youtube.com/search?q=Brown%20Munde%20AP%20Dhillon', null, '{"confidence":2,"darkness":1,"energy":1,"cinematic":1}'::jsonb, array['gym', 'drive']::text[], '[{"emoji":"👑","label":"Quiet flex"},{"emoji":"🌙","label":"Late roll"}]'::jsonb, 86) on conflict ((lower(title)), (lower(artist))) do nothing;
insert into public.songs (title, artist, language, region, genres, era, spotify_url, apple_music_url, youtube_music_url, youtube_video_id, traits, scenarios, chips, popularity_score) values ('295', 'Sidhu Moose Wala', 'punjabi', 'south-asia', array['punjabi', 'hip-hop']::text[], '2020s', 'https://open.spotify.com/search/295%20Sidhu%20Moose%20Wala', 'https://music.apple.com/us/search?term=295%20Sidhu%20Moose%20Wala', 'https://music.youtube.com/search?q=295%20Sidhu%20Moose%20Wala', null, '{"darkness":2,"confidence":2,"cinematic":1}'::jsonb, array['drive', 'gym']::text[], '[{"emoji":"🖤","label":"Heavy legacy"},{"emoji":"👑","label":"Defiant"}]'::jsonb, 87) on conflict ((lower(title)), (lower(artist))) do nothing;
insert into public.songs (title, artist, language, region, genres, era, spotify_url, apple_music_url, youtube_music_url, youtube_video_id, traits, scenarios, chips, popularity_score) values ('Last Last', 'Burna Boy', 'english', 'nigeria', array['afrobeats']::text[], '2020s', 'https://open.spotify.com/search/Last%20Last%20Burna%20Boy', 'https://music.apple.com/us/search?term=Last%20Last%20Burna%20Boy', 'https://music.youtube.com/search?q=Last%20Last%20Burna%20Boy', null, '{"warmth":2,"romance":1,"darkness":1,"tempo":1}'::jsonb, array['chill', 'sad', 'party']::text[], '[{"emoji":"💔","label":"Dancing through it"},{"emoji":"🌍","label":"Lagos everywhere"}]'::jsonb, 88) on conflict ((lower(title)), (lower(artist))) do nothing;
insert into public.songs (title, artist, language, region, genres, era, spotify_url, apple_music_url, youtube_music_url, youtube_video_id, traits, scenarios, chips, popularity_score) values ('Calm Down', 'Rema', 'english', 'nigeria', array['afrobeats']::text[], '2020s', 'https://open.spotify.com/search/Calm%20Down%20Rema', 'https://music.apple.com/us/search?term=Calm%20Down%20Rema', 'https://music.youtube.com/search?q=Calm%20Down%20Rema', null, '{"warmth":2,"romance":2,"tempo":1}'::jsonb, array['chill', 'party']::text[], '[{"emoji":"🌅","label":"Sweet talk"},{"emoji":"🕺","label":"Sway"}]'::jsonb, 89) on conflict ((lower(title)), (lower(artist))) do nothing;
insert into public.songs (title, artist, language, region, genres, era, spotify_url, apple_music_url, youtube_music_url, youtube_video_id, traits, scenarios, chips, popularity_score) values ('Essence', 'Wizkid ft. Tems', 'english', 'nigeria', array['afrobeats']::text[], '2020s', 'https://open.spotify.com/search/Essence%20Wizkid%20ft.%20Tems', 'https://music.apple.com/us/search?term=Essence%20Wizkid%20ft.%20Tems', 'https://music.youtube.com/search?q=Essence%20Wizkid%20ft.%20Tems', null, '{"warmth":2,"softness":2,"romance":2}'::jsonb, array['chill']::text[], '[{"emoji":"🌅","label":"Honey-slow"},{"emoji":"💘","label":"Smooth"}]'::jsonb, 88) on conflict ((lower(title)), (lower(artist))) do nothing;
insert into public.songs (title, artist, language, region, genres, era, spotify_url, apple_music_url, youtube_music_url, youtube_video_id, traits, scenarios, chips, popularity_score) values ('Water', 'Tyla', 'english', 'south-africa', array['amapiano', 'pop']::text[], '2020s', 'https://open.spotify.com/search/Water%20Tyla', 'https://music.apple.com/us/search?term=Water%20Tyla', 'https://music.youtube.com/search?q=Water%20Tyla', null, '{"tempo":2,"warmth":2,"romance":1,"confidence":1}'::jsonb, array['party', 'chill']::text[], '[{"emoji":"💧","label":"Amapiano bounce"},{"emoji":"🕺","label":"Hips first"}]'::jsonb, 87) on conflict ((lower(title)), (lower(artist))) do nothing;
insert into public.songs (title, artist, language, region, genres, era, spotify_url, apple_music_url, youtube_music_url, youtube_video_id, traits, scenarios, chips, popularity_score) values ('Mnike', 'Tyler ICU & Tumelo.za', 'zulu', 'south-africa', array['amapiano']::text[], '2020s', 'https://open.spotify.com/search/Mnike%20Tyler%20ICU%20%26%20Tumelo.za', 'https://music.apple.com/us/search?term=Mnike%20Tyler%20ICU%20%26%20Tumelo.za', 'https://music.youtube.com/search?q=Mnike%20Tyler%20ICU%20%26%20Tumelo.za', null, '{"tempo":3,"energy":2,"chaos":1}'::jsonb, array['party']::text[], '[{"emoji":"🥁","label":"Log drum"},{"emoji":"🎉","label":"Ground-shake"}]'::jsonb, 80) on conflict ((lower(title)), (lower(artist))) do nothing;
insert into public.songs (title, artist, language, region, genres, era, spotify_url, apple_music_url, youtube_music_url, youtube_video_id, traits, scenarios, chips, popularity_score) values ('Alors on danse', 'Stromae', 'french', 'europe', array['pop', 'edm']::text[], '2010s', 'https://open.spotify.com/search/Alors%20on%20danse%20Stromae', 'https://music.apple.com/us/search?term=Alors%20on%20danse%20Stromae', 'https://music.youtube.com/search?q=Alors%20on%20danse%20Stromae', null, '{"tempo":2,"energy":2,"darkness":1}'::jsonb, array['party', 'sad']::text[], '[{"emoji":"🕺","label":"Dance anyway"},{"emoji":"🖤","label":"Bittersweet"}]'::jsonb, 85) on conflict ((lower(title)), (lower(artist))) do nothing;
insert into public.songs (title, artist, language, region, genres, era, spotify_url, apple_music_url, youtube_music_url, youtube_video_id, traits, scenarios, chips, popularity_score) values ('Djadja', 'Aya Nakamura', 'french', 'europe', array['pop', 'afrobeats']::text[], '2010s', 'https://open.spotify.com/search/Djadja%20Aya%20Nakamura', 'https://music.apple.com/us/search?term=Djadja%20Aya%20Nakamura', 'https://music.youtube.com/search?q=Djadja%20Aya%20Nakamura', null, '{"confidence":2,"tempo":2,"warmth":1}'::jsonb, array['party', 'chill']::text[], '[{"emoji":"👑","label":"Unbothered"},{"emoji":"🕺","label":"Strut"}]'::jsonb, 83) on conflict ((lower(title)), (lower(artist))) do nothing;
insert into public.songs (title, artist, language, region, genres, era, spotify_url, apple_music_url, youtube_music_url, youtube_video_id, traits, scenarios, chips, popularity_score) values ('Dernière Danse', 'Indila', 'french', 'europe', array['pop']::text[], '2010s', 'https://open.spotify.com/search/Derni%C3%A8re%20Danse%20Indila', 'https://music.apple.com/us/search?term=Derni%C3%A8re%20Danse%20Indila', 'https://music.youtube.com/search?q=Derni%C3%A8re%20Danse%20Indila', null, '{"cinematic":2,"romance":2,"darkness":1,"softness":1}'::jsonb, array['sad', 'drive']::text[], '[{"emoji":"🎬","label":"Rain-window opera"},{"emoji":"💔","label":"One last dance"}]'::jsonb, 84) on conflict ((lower(title)), (lower(artist))) do nothing;
insert into public.songs (title, artist, language, region, genres, era, spotify_url, apple_music_url, youtube_music_url, youtube_video_id, traits, scenarios, chips, popularity_score) values ('Tamally Maak', 'Amr Diab', 'arabic', 'middle-east', array['arab-pop']::text[], '2000s', 'https://open.spotify.com/search/Tamally%20Maak%20Amr%20Diab', 'https://music.apple.com/us/search?term=Tamally%20Maak%20Amr%20Diab', 'https://music.youtube.com/search?q=Tamally%20Maak%20Amr%20Diab', null, '{"romance":3,"warmth":2,"softness":1}'::jsonb, array['chill', 'sad']::text[], '[{"emoji":"💘","label":"Eternal"},{"emoji":"🌅","label":"Mediterranean"}]'::jsonb, 85) on conflict ((lower(title)), (lower(artist))) do nothing;
insert into public.songs (title, artist, language, region, genres, era, spotify_url, apple_music_url, youtube_music_url, youtube_video_id, traits, scenarios, chips, popularity_score) values ('3 Daqat', 'Abu ft. Yousra', 'arabic', 'middle-east', array['arab-pop']::text[], '2010s', 'https://open.spotify.com/search/3%20Daqat%20Abu%20ft.%20Yousra', 'https://music.apple.com/us/search?term=3%20Daqat%20Abu%20ft.%20Yousra', 'https://music.youtube.com/search?q=3%20Daqat%20Abu%20ft.%20Yousra', null, '{"warmth":2,"romance":2,"tempo":1}'::jsonb, array['chill', 'party']::text[], '[{"emoji":"🌅","label":"Seaside"},{"emoji":"💘","label":"Heartbeat"}]'::jsonb, 80) on conflict ((lower(title)), (lower(artist))) do nothing;
insert into public.songs (title, artist, language, region, genres, era, spotify_url, apple_music_url, youtube_music_url, youtube_video_id, traits, scenarios, chips, popularity_score) values ('Vai Malandra', 'Anitta', 'portuguese', 'brazil', array['funk', 'pop']::text[], '2010s', 'https://open.spotify.com/search/Vai%20Malandra%20Anitta', 'https://music.apple.com/us/search?term=Vai%20Malandra%20Anitta', 'https://music.youtube.com/search?q=Vai%20Malandra%20Anitta', null, '{"energy":2,"tempo":2,"confidence":2}'::jsonb, array['party', 'gym']::text[], '[{"emoji":"🎉","label":"Baile funk"},{"emoji":"👑","label":"Carioca confidence"}]'::jsonb, 82) on conflict ((lower(title)), (lower(artist))) do nothing;
insert into public.songs (title, artist, language, region, genres, era, spotify_url, apple_music_url, youtube_music_url, youtube_video_id, traits, scenarios, chips, popularity_score) values ('Sossego', 'Tim Maia', 'portuguese', 'brazil', array['funk', 'soul']::text[], '1970s', 'https://open.spotify.com/search/Sossego%20Tim%20Maia', 'https://music.apple.com/us/search?term=Sossego%20Tim%20Maia', 'https://music.youtube.com/search?q=Sossego%20Tim%20Maia', null, '{"warmth":3,"tempo":1,"softness":1}'::jsonb, array['chill']::text[], '[{"emoji":"🌅","label":"Sunday groove"},{"emoji":"🕺","label":"Easy funk"}]'::jsonb, 78) on conflict ((lower(title)), (lower(artist))) do nothing;
insert into public.songs (title, artist, language, region, genres, era, spotify_url, apple_music_url, youtube_music_url, youtube_video_id, traits, scenarios, chips, popularity_score) values ('สุดปัง (Sudpang!)', 'MILLI', 'thai', 'thailand', array['thai-pop', 'hip-hop']::text[], '2020s', 'https://open.spotify.com/search/%E0%B8%AA%E0%B8%B8%E0%B8%94%E0%B8%9B%E0%B8%B1%E0%B8%87%20(Sudpang!)%20MILLI', 'https://music.apple.com/us/search?term=%E0%B8%AA%E0%B8%B8%E0%B8%94%E0%B8%9B%E0%B8%B1%E0%B8%87%20(Sudpang!)%20MILLI', 'https://music.youtube.com/search?q=%E0%B8%AA%E0%B8%B8%E0%B8%94%E0%B8%9B%E0%B8%B1%E0%B8%87%20(Sudpang!)%20MILLI', null, '{"confidence":2,"energy":2,"chaos":1,"tempo":1}'::jsonb, array['party', 'gym']::text[], '[{"emoji":"👑","label":"Bangkok flex"},{"emoji":"🌶️","label":"Spice"}]'::jsonb, 75) on conflict ((lower(title)), (lower(artist))) do nothing;
insert into public.songs (title, artist, language, region, genres, era, spotify_url, apple_music_url, youtube_music_url, youtube_video_id, traits, scenarios, chips, popularity_score) values ('ดีใจด้วยนะ (Glad)', 'INK WARUNTORN', 'thai', 'thailand', array['thai-pop']::text[], '2010s', 'https://open.spotify.com/search/%E0%B8%94%E0%B8%B5%E0%B9%83%E0%B8%88%E0%B8%94%E0%B9%89%E0%B8%A7%E0%B8%A2%E0%B8%99%E0%B8%B0%20(Glad)%20INK%20WARUNTORN', 'https://music.apple.com/us/search?term=%E0%B8%94%E0%B8%B5%E0%B9%83%E0%B8%88%E0%B8%94%E0%B9%89%E0%B8%A7%E0%B8%A2%E0%B8%99%E0%B8%B0%20(Glad)%20INK%20WARUNTORN', 'https://music.youtube.com/search?q=%E0%B8%94%E0%B8%B5%E0%B9%83%E0%B8%88%E0%B8%94%E0%B9%89%E0%B8%A7%E0%B8%A2%E0%B8%99%E0%B8%B0%20(Glad)%20INK%20WARUNTORN', null, '{"softness":2,"romance":2,"darkness":1}'::jsonb, array['sad', 'chill']::text[], '[{"emoji":"💔","label":"Happy for you (not)"},{"emoji":"🪶","label":"Gentle ache"}]'::jsonb, 76) on conflict ((lower(title)), (lower(artist))) do nothing;
insert into public.songs (title, artist, language, region, genres, era, spotify_url, apple_music_url, youtube_music_url, youtube_video_id, traits, scenarios, chips, popularity_score) values ('Lover Boy', 'Phum Viphurit', 'english', 'thailand', array['indie']::text[], '2010s', 'https://open.spotify.com/search/Lover%20Boy%20Phum%20Viphurit', 'https://music.apple.com/us/search?term=Lover%20Boy%20Phum%20Viphurit', 'https://music.youtube.com/search?q=Lover%20Boy%20Phum%20Viphurit', null, '{"warmth":2,"softness":1,"romance":1}'::jsonb, array['chill']::text[], '[{"emoji":"🌅","label":"Sunshine indie"},{"emoji":"🛵","label":"Breezy"}]'::jsonb, 74) on conflict ((lower(title)), (lower(artist))) do nothing;
insert into public.songs (title, artist, language, region, genres, era, spotify_url, apple_music_url, youtube_music_url, youtube_video_id, traits, scenarios, chips, popularity_score) values ('Master of Puppets', 'Metallica', 'english', 'north-america', array['metal']::text[], '1980s', 'https://open.spotify.com/search/Master%20of%20Puppets%20Metallica', 'https://music.apple.com/us/search?term=Master%20of%20Puppets%20Metallica', 'https://music.youtube.com/search?q=Master%20of%20Puppets%20Metallica', null, '{"aggression":3,"energy":3,"darkness":1,"tempo":1}'::jsonb, array['gym']::text[], '[{"emoji":"🥊","label":"Riff cardio"},{"emoji":"⚡","label":"Full throttle"}]'::jsonb, 88) on conflict ((lower(title)), (lower(artist))) do nothing;
insert into public.songs (title, artist, language, region, genres, era, spotify_url, apple_music_url, youtube_music_url, youtube_video_id, traits, scenarios, chips, popularity_score) values ('Tennessee Whiskey', 'Chris Stapleton', 'english', 'north-america', array['country', 'soul']::text[], '2010s', 'https://open.spotify.com/search/Tennessee%20Whiskey%20Chris%20Stapleton', 'https://music.apple.com/us/search?term=Tennessee%20Whiskey%20Chris%20Stapleton', 'https://music.youtube.com/search?q=Tennessee%20Whiskey%20Chris%20Stapleton', null, '{"warmth":3,"romance":2,"softness":1}'::jsonb, array['chill', 'sad']::text[], '[{"emoji":"🥃","label":"Slow burn"},{"emoji":"🌅","label":"Porch light"}]'::jsonb, 84) on conflict ((lower(title)), (lower(artist))) do nothing;
insert into public.songs (title, artist, language, region, genres, era, spotify_url, apple_music_url, youtube_music_url, youtube_video_id, traits, scenarios, chips, popularity_score) values ('Take Five', 'Dave Brubeck', 'instrumental', 'north-america', array['jazz']::text[], '1950s', 'https://open.spotify.com/search/Take%20Five%20Dave%20Brubeck', 'https://music.apple.com/us/search?term=Take%20Five%20Dave%20Brubeck', 'https://music.youtube.com/search?q=Take%20Five%20Dave%20Brubeck', null, '{"focus":3,"softness":1,"cinematic":1}'::jsonb, array['focus', 'chill']::text[], '[{"emoji":"🧠","label":"5/4 flow"},{"emoji":"🎷","label":"Timeless"}]'::jsonb, 80) on conflict ((lower(title)), (lower(artist))) do nothing;
insert into public.songs (title, artist, language, region, genres, era, spotify_url, apple_music_url, youtube_music_url, youtube_video_id, traits, scenarios, chips, popularity_score) values ('death bed (coffee for your head)', 'Powfu', 'english', 'north-america', array['lo-fi', 'pop']::text[], '2020s', 'https://open.spotify.com/search/death%20bed%20(coffee%20for%20your%20head)%20Powfu', 'https://music.apple.com/us/search?term=death%20bed%20(coffee%20for%20your%20head)%20Powfu', 'https://music.youtube.com/search?q=death%20bed%20(coffee%20for%20your%20head)%20Powfu', null, '{"softness":2,"romance":1,"darkness":1,"focus":1}'::jsonb, array['sad', 'chill', 'focus']::text[], '[{"emoji":"🪶","label":"Bedroom lo-fi"},{"emoji":"💔","label":"Soft sad"}]'::jsonb, 78) on conflict ((lower(title)), (lower(artist))) do nothing;

/* publish */
insert into public.catalog_versions (id, version) values ('catalog', 2) on conflict (id) do update set version = greatest(public.catalog_versions.version, excluded.version), published_at = now();

commit;
